Item description,Qty.,Part #,Manufacturer,Location,Comments
"YOKE TYPE TRACK ROLLERS, 12X32X11.8MM",1.0,STO12,INA,M-12-2,Bearing
"WIPER , 20/30*4*7",1.0,1-999-04634,GLATT,B-02-2,Gasket
WHITE SMALL Circle PLASTIC GASKET,4.0,BTHL30013,IMA,B-03-2,Gasket
WHITE PTFE GASKET SET,1.0,13-GPT*12T*0002,,L-12-3,Gasket
WHITE PTFE GASKET SET,1.0,12-GPT*12T*0005,,L-12-3,Gasket
WHITE PTFE GASKET SET,1.0,14-GPT*12T*0001,,L-12-3,Gasket
WHITE LIGHT PROBE WM 03 PCT 2,1.0,919202,UHLMANN,N-08-3,Light
Wheel BT 156259,1.0,156259,,,Forklift wheel
WEAR RING 100X114X10 BZ,1.0,96457868,GRUNDFOS,L-13-3,Oil seal
WATER TOTAL HARDNESS COLORIMETRIC REAGENTS,1.0,HI-93735-0,HANNA,D-05-2,Water test 
"WATER TANK TRANSPERANT 60L, PE, WITH DOSING PUMP",1.0,98148805,GRUNDFOS,N-11-4,Water pump
"WATER PROOF ELECTRIC BOX 10X10, IP55",1.0,15,THECNO TUBE,K-10-3,Water pump
WATER LOW RANGE HARDNESS INDICATOR REAGENT A,2.0,HI93735A-LR,HANNA,L-12-3,Water test 
"WATER JET PUMP, 1130W, 230V, IP44",1.0,JP 4-54 - 99458768,GRUNDFOS,L-10-1,Water pump
"WATER HEATER 27KW, 400V, IP25",1.0,DEX Next,CLAGE,M-11-1,Water heater
WATER HARDNESS INDICATOR REAGENT,2.0,HI93735IND-0,HANNA,L-12-3,Water test 
WATER FREE CHLORINE REAGENT ,1.0,HI93701-0,HANNA,D-05-2,Water test 
"WASHING NOZZLE TYPE A05, D=28MM",1.0,1-999-04156,GLATT,J-11-3,Glatt nozzle
WAER RING 90X104X10 BZ ,1.0,96457867,GRUNDFOS,L-13-3,Oil seal
"V-SEAL-RING, D=500MM",1.0,30C1400527 EH,,B-03-2,Oil seal
VISOLUX PHOTOELECTRIC SENSOR 24VDC,1.0,LS-1S-GA-1297/7B/46,PEPPERL+FUCHS,E-06-2,Sensor  photoelectric
"VIRTICAL MULTISTAGE CENTERFUGAL PUMP 0.75KW, 1.8M3/H",1.0,CRN 1-13 EY-CX-T-E-HUUE,GRUNDFOS,L-10-1,Water pump
"VIPRONIC POINT LEVEL SWITCH, IP66, 8.2VDC",1.0,943492-9000,ENDRESS+HAUSER,E-06-1,Glatt  switch
"ventilation FAN 220-240 V 35W , 1850rpm",29.0,CC12038S220M,GOLDENSUN,E-05-3,Fan
"VENTELATION AXIAL FAN, 220V, 0.4A, 80W",1.0,220ZY-2E,TIDAR,L-13-2,Fan
"VENTELATION AXIAL FAN, 220V, 0.22A, 38W",1.0,FB-108 EX-S1-S,COMOBREATH,L-13-2,Fan
"VARIABLE SPEED GEARED MOTOR, 44W, 0.16A, 3Ø",1.0," 0,047D2MRV-4",PLANETROIL,L-10-2,Motor
"VALVE, PN16, BRASS WITH ACTUATOR, 230V 7W, 16BAR,1/2''",1.0,8240200.9101,IMI BUSCHJOST,B-10-3,Glatt valve
VACUUM PUMP WITH MOTOR 3 PHASE 3-3.6AMP 1.25 KW 1420 RPM,1.0,SV1040 C000,BUSCH/ATB,K-101,Vacuum pump
"VACCUM PUMP 1Ø, 90M3/H, 0.37KW, 1.2A, 2820RPM",1.0,TSC.80,DVP,L-12-1,Vacuum pump
"VACCUM DIAL GAUGE, -1 TO 1 BAR",6.0,WSG,SOLO,D-06-2,Gauge
"UV LAMP SLEEVE , 35''L",4.0,QS-012,STERILIGHT-VIQUA,K13-4,Water uv
"UV LAMP 40W , 33.19''L",4.0,S36RL,STERILIGHT-VIQUA,K13-4,Water uv
USB SERVER INDUSTRY ISOCHRON EATHERNET,1.0,53642,W&T,E-06-2,Ups
"UPS, I/P=24VDC, O/P=24VDC/10A",2.0,QUNIT-UPS/24DC/24DC/10,PHOENIX  CONTACT,F-05-2,Ups
UPS BATTERY BANK 24V 1.3AH/15A MAX,1.0,6182118,PHOENIX  CONTACT,E-05-2,Ups
"UPS 24VDC, 20A",1.0,QUINT4-UPS/24DC/24DC/20,PHOENIX  CONTACT,F-05-2,Ups
UPPER SEALING ROLLER ,1.0,,,N-08-1,Heater
Universal Temperature Converter KFD2-UT2-Ex1,1.0,116917,PEPPERL+FUCHS,E-05-3,Converter
TUBE AXIAL FAN 220AC/240V - 46/40W,1.0,FP-108-C,COMMONWEALTH,E-05-3,Fan
"TRAP BUILT SPA, 12.7*10, LP3350",2.0,5084177,IMA,A-05-3,Belts
"TRACK & TRACE TOUCH SCREEN, 15'', IN S.S HOUSING",1.0,TM 15 2.0,METTLER TOLEDO,E-02-1,T & t
TOUTH BELTS KIT,7.0,,,L-12-2,Belts
"TOUCH SCREEN DISPLAY , XP ANALYTICAL",1.0,PAT/04,METTLER TOLEDO,E-02-1,T & t
TOTAL HARDNESS PHOTOMETER,1.0,HI97735,HANNA,D-05-2,Water test 
"TIMING BILT W=12, 103 TETH",2.0,12T10_1030,BRECO,J-08-2,Belts
"TIMING BELT, L=2550, STEP=150, T10-2550",4.0,L1H002010,IMA,A-05-3,Belts
"TIMING BELT, L=2250, 225 TEETH",2.0,T10-2250,OPTIBELT,J-08-2,Belts
"TIMING BELT, L=15'',W=3/8'',75 TEETH",1.0,150XL037-CR,,A-05-3,Belts
"TIMING BELT, 960*30*8MM, 120 TEETH",2.0,960-8M-30,OPTIBELT,A-05-3,Belts
TIMING BELT- 330 teeth,1.0,T2.5-330,WALTHER FLENDER,A-05-3,Belts
TIMING BELT ; T10-2250,2.0,T10-2250,POGGI,A-05-3,Belts
"Timing Belt ,L=1840 , W=75 mm",5.0,,Local,A-05-3,Belts
"THYRISTOR CONTROL UNIT, 230V-50/60Hz-4A",2.0,TSG 4-V.05,UHLMANN ,K-13-2,Control
"THERMOSTATE 230V,2A, IP54, 150-7C",1.0,ATH-70,JUMO,E-06-2,Thermostate
"THERMOMETER, FLAT, PT100, M44X1.5",1.0,29-999-16650,GLATT,K-09-2,Thermostate
"THERMOCOUPLE , TYPE J, TMAX=270C - 74315-01/27",1.0,IMA00034,TERMICS,E-05-2,Thermocouple
THERMAL TRANSFER DESKTOP PRINTER,1.0,ZD22042-T0EG00EZ,ZEBRA,M-13-4,Prenter
THERMAL INKJET PRENTER+ SMART JET DUE PRO,1.0,SMART JET ONE,MCC,M-13-3,Prenter
"TERMINAL JUMPER, 800V, INSULATED, GRAY",13.0,282-402,WAGO,K-13-2,Jumper
"TERMINAL JUMPER, 800V",45.0,280-402,WAGO,K-13-2,Jumper
"TERMINAL BLOCK, 2 CONDUCTOR, 6MM2, GRAY",9.0,282-101,WAGO,K-13-2,Conductor
"TERMINAL BLOCK, 2 CONDUCTOR, 2.5MM2, GRAY",66.0,280-901,WAGO,K-13-2,Conductor
"TERMINAL BLOCK, 2 CONDUCTOR, 16MM2, GRAY",4.0,TOP JOB S,WAGO,K-13-2,Conductor
"TERMINAL BLOCK, 2 CONDUCTOR GROUND,1 6MM2, GREEN-YELLOW",1.0,TOP JOB S,WAGO,K-13-2,Conductor
"TERMINAL BLOCK, 2 CONDUCTOR GROUND, 6MM2, GREEN-YELLOW",2.0,282-107,WAGO,K-13-2,Conductor
"TERMINAL BLOCK, 2 CONDUCTOR GROUND, 2.5MM2, GREEN-YELLOW",21.0,280-907,WAGO,K-13-2,Conductor
"TENSION SPRING, 1.4X10X35.3",1.0,904511,UHLMANN,J-11-3,Spring
"TENSION SPRING, 1.2X9X82",1.0,136088,UHLMANN,J-11-3,Spring
TENSION SPRING,2.0,B402997,IMA,J-11-3,Spring
"TEMPERATURE SENSOR, PT100, CLASS A",1.0,TSRT-6702UAB,ENDRESS+HAUSER,E-06-2,Stilmas sensor
"TEMPERATURE SENSOR PT1000,WITH DISPLAY, M18 ",2.0,TN7530,IFM,E-06-2,Stilmas sensor
"TEMPERATURE SENSOR ,PT100, 200C, IP65",1.0,902820.7012,JUMO,E-06-2,Stilmas sensor
"TEMPERATURE MODULE, 8 INPUT",1.0,2AT300.6,B&R AUTOMATION,I-10-3,Module
TEMPERATURE CONVETOR KFD2-UT2-1,1.0,191884,PEPPERL+FUCHS,E-05-3,Control
"TEMPERATURE CONTROLLER, 240VAC, WITH DISPLAY",1.0,TCN4H-24R,AUTONICS,I-10-2,Control
TEMPERATURE AND HUMIDITY DATA LOGGER,2.0,TGU-4500,TINY TAG,I-09-2,Data logger
TEMPERATURE / HUMIDITY SENSOR ,1.0,THC-P,LOVE CONTROLS,E-06-2,Data logger
TEMP PROBE PT100 -70-260C,2.0,CH-8712 Stafa,JUMO,E-06-2,Sensor
Temp Control Unit GWK,1.0,9070766,GWK,A-05-3,Panel
"TC GASKET 6'', 40MP-X, SILICONE",1.0,1-997-00681,GLATT,B-03-2,Oil seal
"SWIVEL CASTOR, D200, WITH SPRING SYSTEM",2.0,1-113-00289B,GLATT,N-08-2,Swivel castor
SWITCH WITH 14 PIN,1.0,6150096,IMA,M-10-3,Switch
SWITCH FOR FORKLIFT,2.0,156281,BT,B-10-2,Forklift switch
Switch Amplifier KFD2-ST2-Ex1.LB,1.0,180997,PEPPERL+FUCHS,E-05-3,Amplifier
Switch Amplifier KFD2-SR2-Ex2.W,1.0,132960,PEPPERL+FUCHS,E-05-3,Amplifier
Switch Amplifier KFD2-SR2-Ex1.W.LB,1.0,132959,PEPPERL+FUCHS,E-05-3,Amplifier
Switch Amplifier KFD2-SR2-Ex1.W,1.0,132958,PEPPERL+FUCHS,E-05-3,Amplifier
Switch Amplifier KFD2-SH-Ex1,1.0,46903,PEPPERL+FUCHS,E-05-3,Amplifier
"SUPER LINEAR BUSHING, ID=20MM, 5M/S",4.0,R073002000,REXROTH,M-12-2,Bearing
,7.0,,,,
SUCTION CUP FOR BUNCH STATION BLISTERING MACHINE ,1.0,67/241-T,UHLMANN,K-09-1,Suction cup
"STRIPPER 1 COMPL.P 2100, S.S",1.0,3500414,FETTE,J-11-3,Fette
STERLIZING GRADE AIR AND GAS FILTER,3.0,ZEMTB-020TT-AN3,PARKER,N-10-3,Filters cartage
STEPPING MOTOR DRIVING CARD I/P 4-90VAC,2.0,6042501,EVER ELECTRONICS ,E-05-2,Servo motor
SPRINGS FOR LEAFLET COMPNSIATION ARM ,6.0,132L 27MM DI 3MM THICKNESS ,FUTUER ,A2-4,Spring
SPRING PRESSURE PIECE,70.0,2149276,FETTE,J-11-3,Spring
"SPRAY NOZZLE, 100VG, SIZE 3,",1.0,20.1533-49,,L-08-2,Glatt nozzle
"SPEED CONTROLLER I/P 1Ø,O/P1  0-180DC, 4A, O/P2  210VDC 0.6A ",1.0,EVD533-E,LENZE,M-11-2,Control
SPARE PART KIT,5.0,05.0730-02,GLATT,J-11-3,
SPARE PART KIT,4.0,05.0732-02,,J-11-3,
SONPROG PC INTERFACE FOR SONAR-BERO,1.0,3RX4001,SIEMENS,K-13-2,Control
"SOLINOID VALVE WITH ACTUATOR 2.5A, 220V, 10BAR WITH SOCKET",2.0,9360151,GWK,B-10-3,Solenoid valve
"SOLID STATE RELAY ,90A,24-600VAC ",1.0,SO967960,CELDUC,M-10-2,Relay
"SOLID STATE RELAY ,25A,CONTROL V 4-32VDC ",5.0,RA 2425 -D 06 ,CARLO GAVAZZI,M-10-2,Relay
"SOLID STATE RELAY ,100A,CONTROL V 4-32VDC ",3.0,RM1A48D100,CARLO GAVAZZI,L-10-4,Relay
"SOLENOID VALVE PNEUMATIC , 10BAR, 3/2  ",1.0,MCH-3-1/4,FESTO,B-10-3,Solenoid valve
"SOLENOID VALVE PENUMATIC, 16BAR, 3/2, 24VDC",1.0,L78EM45GGS00061,NUMATICS,B-10-3,Solenoid valve
"SOLENOID VALVE PENUMATIC, 16BAR",4.0,L88EM44GGS00061,NUMATICS,B-10-3,Solenoid valve
"SOLENOID VALVE PENUMATIC, 10BAR, 3/2, 24VDC",1.0,L22BA452BG00061,NUMATICS,B-10-3,Solenoid valve
"SOLENOID VALVE PENUMATIC, 10BAR, 3/2, 24VDC",2.0,LV5EM41,NUMATICS,B-10-3,Solenoid valve
"SOFT PVC HOSE ARMORED , FOOD CONTACT",2.0,ARMORVIN,ARMORVIN ,L-08-3,Neumatic hose
"SOCKET ON DIN RAIL, 16A,250V, 2P+E",1.0,USA-2P,VIMAR,K-13-2,Socket
SMART Transmitter Power Supply KFD2-STC4-Ex1,1.0,122580,PEPPERL+FUCHS,E-05-3,Power supply
Size 220mm/50mm Alumnum Dorval leaflet rooler ,5.0,220x50mm almunum Roller ,Local ,A2-4,Leaflet rooler
Size 220mm/15mm Alumnum Dorval leaflet roller ,4.0,220mm/15mm ,Oregnal ,A2-4,Leaflet rooler
"SINGLE SOLENOID PILOT ACTUATED 5/2-VALVE, 24VDC",1.0,181BA400A0B1661,NUMATICS,B-10-3,Solenoid valve
"SINGLE SOLENOID PILOT ACTUATED 5/2-VALVE, 24VDC",2.0,181BA400A000061,NUMATICS,B-10-3,Solenoid valve
"SINGLE SOLENOID PILOT ACTUATED 4/2-VALVE, 24VDC",1.0,031SA4004012B61,NUMATICS,B-10-3,Solenoid valve
SIMATIC S7 CENTRAL PROCESSING UNIT,3.0,6ES7317-2AJ10-0AB0,SIEMENS,E-01-2,Control
SILICON O RING 295X4MM,2.0,1997-01945,,B-03-2,Oil seal
"SIGNAL FILAMENT LAMP, 28V",1.0,OR388,MG,K-13-2,Light
Short Manual Leaflet real shaft ,2.0,350mm L 690mm Di ,Oregnal ,A2-4,Leaflet rooler
SHIM PS 15X22X1,1.0,904594,UHLMANN,N-08-3,Leaflet rooler
SHAFT SEAL KIT BAQE D28MM,1.0,96488302,GRUNDFOS,L-13-3,Shaft
"SERVO MOTOR, 3Ø, 1.3KW,5.4A, 1500RPM",2.0,SGMGV-13DDA6H,YASKAWA,M-12-1,Servo motor
"SERVO MOTOR 2.9KW, 11.9A, 1500RPM,18.6NM",1.0,SGMGV-30DDA6H,YASKAWA,D-04-3,Servo motor
"SERVO DRIVER I/P 3~,1.2A,O/P 3~ ,0-480V, 0-3000HZ, 1.9A,0.5KW",1.0,SGDV-1R9D11A,YASKAWA,A-09-2,Servo driver
"SERVO DRIVER I/P 3~, 3.7A,O/P 3~, 0-480V, 0-300HZ, 5.4A, 1.5KW",1.0,SGDV-5R4D11A,YASKAWA,F-01-1,Servo driver
"SERVO DRIVER I/P 3~, 2.5A,O/P 3~, 0-480V, 0-300HZ, 3.5A, 1KW",1.0,SGDV-3R5D11A,YASKAWA,M-11-3,Servo driver
"SERVO DRIVE 1.5KW, 0-400HZ",1.0,VF1404MC9PT1BR1_1,LUST,M-11-2,Servo driver
SERVICE SET,2.0,SCQ2S16-D,SMC,B-02-2,
SENSOR MAGN.FINEC.:SMC D-H7CN,1.0,5810218,SMC,E-05-2,Sensor
"SENSOR FOR LIQUID ANALYSIS, CONDUCTIVITY",1.0,CLS21-C1N2D,ENDRESS+HAUSER,D-05-2,Water conductivity
"SENSOR FIBER OPTIC , RANGE 0- 0.15M",1.0,LL3-DB01,SICK,M-10-3,Sensor
"SELF ALLIGNING BALL BEARING, DOUBLE ROW, 20X47X18MM",5.0,2204 2RS,KSM,A-08-3,Bearing
"SELF ALLIGNING BALL BEARING, DOUBLE ROW, 20X47X18MM",1.0,2204,HIC,A-08-3,Bearing
"SELF ALLIGNING BALL BEARING, DOUBLE ROW, 20X47X14MM",4.0,1204 ETN9,SKF,A-08-3,Bearing
"SELF ALLIGNING BALL BEARING, DOUBLE ROW, 12X32X14MM",5.0,2201-2RS-TVH#E,FAG,A-08-3,Bearing
SELECTOR SWITCH WITH KNOB 2 POSITION ,1.0,P9MSMD0N,GENERAL ELECTRIC,K-13-2,Switch
"SELECTIVITY MODULE, 4 CHANNEL,I/P 24VDC, 40A, O/P 4X10A",3.0,6EP1961-2BA00,SIEMENS,K-13-2,Module
SEARCH LIGHT 127 CM ,1.0,,ELSWEDY,C-02-1,Light
"SEALING RING , 1/4''",1.0,DIN 7603C,,N-09-3,Oil seal
"SEALING PROFILE ,L= 845MM, GLUED, SILICONE",1.0,1-997-05836,GLATT,B-03-2,Oil seal
SCALE 104 923 WITH STANDARD PARTS,1.0,70001643,UHLMANN,N-08-3,
"SAFETY SWITCH MAGNITIC, NC+NO, 4A",1.0,101152094,SCHMERSAL,E-06-2,Relay
SAFETY RELAY PNOZ m1p 24V DC 28W,1.0,773100,PILZ,E-06-2,Relay
"SAFETY RELAY 2SAFETY CONTACT, 3.5W",5.0,475695,PILZ,K-09-2,Relay
"Safety relay 2NO , 24VDC, 2.5W",1.0,751103,PILZ,E-06-2,Relay
SAFETY RELAY ,1.0,101120594,SCHMERSAL,E-06-2,Relay
SAFETY CONTACT EXPANTION,3.0,774580,PILZ,K-09-2,Relay
"S.S PUMP WATER PUMP 3~, 1.1KW, 2.5A, 1.8M3/H ",1.0,92733558,GRUNDFOS,L-11-1,Water pump
"S.S FILTER HOUSING , V=3.3L, L=20''",1.0,IDL 12GB16C2J,PALL,N-10-3,Water filter
"S.S CASTOR WITH PU WHEELS , HEAVEY DUTY",4.0,S 31 07-07,GN,N-08-2,Swivel castor
RUBBER BOOT FOR FILL -O - MATIC,1.0,3105241,FETTE,B-02-2,Fette
"ROTARY LOBE PUMP,S.S, 7 BAR, 150C",1.0,TopWing TW1/00082 25/02-W12-GW11-EFEF,SPX,L-12-1,Pump
"RODLESS PENUMATIC CYLINDER , 8 BAR MAX",1.0,ORIGA SYSTEM PLUS,PARKER,N-10-2,Cylinder
"ROD END BEARING FEMALE, 12MM, M12X1.75",7.0,SFG 12,UNIBAL,M-12-2,Bearing
"ROD END BEARING FEMALE, 10MM, M10X1.5",,KI 10 D,ASKUBAL,M-12-2,Bearing
"ROD END BEARING FEMALE, 10MM, M10X1.5",1.0,JAF10,ASAHI,M-12-2,Bearing
RJ45 PANEL CONNECTOR WITH M22 THREAD FOR FRONT INSTALLATION,3.0,492075,LUTZE,K-13-2,Electricity
"RETRO REFLECTIVE SENSOR HEAD, IP67, MAX DESTANCE =5M (Laser)",1.0,LV-H62F,KEYENCE,M-10-3,Sensor
REPL..IND.POSIZ . BAND ROLLER ALVE,1.0,919BH166700,SIKO,E-05-2,Solenoid valve
"RELAY, 8 PIN,24VDC,5A",1.0,G2R-2,OMRON,E-05-2,Relay
"RELAY, 24VDC,10A - 2228H1",1.0,G2R-1,OMRON,E-05-2,Relay
"REED PROXIMITY SWITCH, FOR CQ2/NCQ2 CYLINDERS - SMC D-A73CN",1.0,5810539,SMC,E-05-2,Proximity
"REED PROXIMITY SWITCH, 2 WIRE, DIRECT MOUNTING - SMC D-Z73L",1.0,5810117,SMC,E-05-2,Proximity
RED SQUARE COVER,1.0,6152521900,IMA,K-13-2,
RECHAGEBLE  BATTERY 12V 2AH/20HR,1.0,UL 7.2-12,ULTRA CELL ,F-01-4,Battery
"RADIAL INSERT BALL BEARING, 50X90X43.7MM",1.0,YET 210,SKF,M-12-2,Bearing
"RADIAL INSERT BALL BEARING, 20X47X43.7MM",2.0,NA204G,FBJ,A-08-3,Bearing
"PVC TRANSPERANT HOSE 38*5,FOOD GRADE WITH END COUPLINGS, SPIRED WIRE",1.0,IH35641038/50,PARKER,L-08-3,Neumatic hose
"PVC 30*25MM AIR HOSE , FOOD GRADE, W.P 10 BAR , SPIRED WIRE",1.0,30X25,AMA,L-08-3,Neumatic hose
"PUSH BUTTON, WHITE",3.0,912313,UHLMANN,K-13-2,Button
PROX.IND.: PEPPERL + F. 3RG4210 - 7AG00 - PF - 90248010,1.0,6020075,IMA,E-05-2,Proximity
PROPYLENE GLYCOL PREMIXED coolant 5GAL 20L,1.0,013-03344-000,YORK,K-10-1,Forklift coolant
"PROGRAMABLE CONTROLLER CPU UNIT, 16 POINT",1.0,CQM1H-CPU51,OMRON,K-11-4,Control
PROGRAMABLE CONTROLLER,1.0,PLS 511 S,EBERLE,K-11-4,Control
PROCESSOR MODULE ,1.0,2CP100.60-1,B&R AUTOMATION,I-10-3,Module 
PRINT CONTROLLER ,1.0,M600 OEM,WOLKE,E-05-2,Control
"PRESSURE SPRING, 2X12X44",1.0,56557,UHLMANN,J-11-3,Spring
"PRESSURE SPRING, 1X17X30",1.0,136118,UHLMANN,J-11-3,Spring
PRESSURE SPRING SET,1.0,755954,UHLMANN,J-11-3,Spring
"PRESSURE SENSOR, RANGE -0.2TO 0.2BAR,IP66",3.0,BR64.CKLC3MHVMXX,VEGA,A-08-2,Solenoid valve
"PRESSURE RGULAUR PENUMATIC, 8BAR, RELEAVING +GAUGE, 1/4''",1.0,P31RA12BNTP,PARKER,B-10-3,Solenoid valve
"PRESSURE RELIEF SAFETY VALVE PN10,1/2''/3/4''",1.0,253046,CALEFFI SOLAR,B-10-3,Solenoid valve
"Pressure Regulator ,Harris Inlet 200 Bar , ArCo2",1.0,801,Harris,D-06-2,Solenoid valve
"PREPHERAL WHEEL PUMP, 1.5KW, 3.3A, 400V, IP54, 80L/M ",1.0,5055169,GWK,L-12-1,Pump
PRE-FILTER PLEATED (2-LINE)WASHABLE 496X496X47MM,2.0,,FCV,C-07-2,Pre-filter
"PRE-FILTER (Z LINE),ALUMINIUM FRAME 491*762*22MM",4.0,,ATECO GROUP,L-12-4,Pre-filter
"PRE-FILTER (CLASS G4),ALUMINIUM FRAME 491*762*22MM",2.0,,ATECO GROUP,L-12-4,Pre-filter
"PREASURE TRANSMITTER WITH SENSOR FOR LEVEL, 3WIRE, 0-400MBAR,IP66",1.0,DB50L-EB00BB13CG30,ENDRESS+HAUSER,A-08-2,Water valve
"POWER SUPPLY,SITOP MODULAR ,I/P 3Ø, O/P 24VDC, 20A",2.0,6EP1436-3BA00,SIEMENS,M-11-2,Power supply
"POWER SUPPLY UNIT, 240VAC, 5VDC, 3.6A",1.0,CQM1-PA203,OMRON,M-11-2,Power supply
"POWER SUPPLY I/P 240VAC, O/P 24VDC, 3A, 75W",1.0,TIS 75-124,TRACO POWER,M-11-2,Power supply
"POWER SUPPLY I/P 240VAC, 6A , O/P 24VDC, 20A, 480W",1.0,BED-48024,BICKER,M-11-2,Power supply
"POWER RELAY, DPDT, 24VDC, 8A",3.0,40.52.9.024.0000,FINDER,K-13-2,Power supply
"POWER MODULE, 240VAC, 100W",1.0,2PS740.9,B&R AUTOMATION,I-10-3,Module 
"POWER LINE FILTER, 3X520/300V, 64A, 3X4.4µF",1.0,FN256-64-52-H,SCHAFFNER,K-13-2,Power supply
Power Feed Module KFD2-EB2,1.0,189783,PEPPERL+FUCHS,E-05-3,Module 
"POWER CONTACTOR 3Ø, 7.5KW, 2NC,2NO, CONTROL 24VDC",2.0,3RT10251BB44,SIEMENS,M-10-2,Controller
"POWER 2 LINE FILTER, 3A, 250VA, 2×0,47 μF (X2)+2×4700 pF (Y2)",1.0,B84114-D-B30,EPCOS,M-10-3,Controller
"POTENTIOMETER,  CPL FOR FORKLIFT",1.0,231232,BT,B-10-2,Forklift switch
"POTENTIOMETER,  AUX R/L",1.0,9600-601-4,CROWN,N-10-3,Forklift switch
"POSITION SWITCH, 1NO/NC",1.0,LS-11,MOELLER,F-06-2,Forklift switch
PNEUMATIC CYLINDER,1.0,909003,UHLMANN,A-03-1,Cylinder
PNEUM CYLINDER TBC 32x80 ,1.0,TBC 32x80,E.MC,A-03-1,Cylinder
PNEUM CYLINDER Parker 32x80 ,1.0,B32-7112B-80,PARKER,A-03-1,Cylinder
"PLUG FOR SENSOR WITH CABLE, 5 POLE, M12,F.90 ANGELED",2.0,7000-12411-2341000,MURR,M-10-3,Plug
"PLATE HEAT EXCHANGER 4*1'', 9M3/H, 289*289MM, S.S",1.0,B10THX30/1P-SC-S 4X1'',SWEP,,Plate
PIN 094054 WITH STANADARD PARTS,1.0,,UHLMANN,M-13-2,Electricity pin
PIN 052397 WITH STANADARD PARTS,1.0,70000296,UHLMANN,M-13-2,Electricity pin
"PILE CARBET PA 50X50CM , 5M2, 20 PIECES",1.0,Alpha 823,ALPHA,L-09-2,Pump
PHOTRONIK CONTROLLER 230VAC 50HZ 0.9A ,2.0,PS364-2,SICK,K-08-1,Control
PHOTOSENSOR 3WIRE,1.0,DL Z-S30-PN,TAKENAKA,K-10-2,Sensor
"PHOTOELECTRIC SENSOR, PNP, NO/NC",1.0,FAI7/BP-1A,MICRO DETECTORS,I-08-2,Sensor
"PHOTOELECTRIC SENSOR, PNP, NO/NC",1.0,S41-2-C-P,DATALOGIC,I-08-2,Sensor
"PHOTOELECTRIC SENSOR, 250V",1.0,CAR-30X,MAG,I-08-2,Sensor
"PHOTOELECTRIC SENSOR TANSMETTER+RECIEVER, SENSEING DESTANCE=5M",2.0,PE-T5D,HANYOUNG,I-08-2,Sensor
"PHOTOELECTRIC SENSOR TANSMETTER, M8., 4PIN",2.0,S3Z-PR-5-M01-PL,DATALOGIC,I-08-2,Sensor
"PHOTOELECTRIC SENSOR RECIEVER,PNP/NPN, NO/NC",1.0,S3Z-PR-5-FG01-PL,DATALOGIC,E-05-4,Sensor
PHOTOELECTRIC SENSOR FOR ADAPTION OF FIBER-OPTIC CABLES ,1.0,FMS 18-34 U,SENSOPART,E-06-2,Sensor
"PHOTOELECTRIC RETRO-REFLECTIVE SWITCH, RANGE 6M",1.0,50022680,LEUZE,E-06-2,Sensor
"PHOTOELECTRIC RETRO REFLECTIVE SENSOR,RANGE=0.1 TO 0.6M",1.0,WL170-N420,SICK,E-06-2,Sensor
"PHOTOELECTRIC RETRO REFLECTIVE SENSOR, NPN",0.0,FPDK 10N5101,BAUMER,I-08-2,Sensor
"PHOTOELECTRIC RETRO REFLECTIVE SENSOR, NO",1.0,MVC/A0-0A,MICRO DETECTORS,I-08-2,Sensor
"PHOTOELECTRIC RETRO REFLECTIVE SENSOR, M18,NO,RANGE=0.1 TO 0.3M ",2.0,E3F-DS30Y1,OMCH,I-09-2,Sensor
"PHOTOELECTRIC RETRO REFLECTIVE SENSOR, M18,NO,RANGE=0.1 TO 0.3M ",1.0,CR-30X,MAG,I-09-2,Sensor
"PHOTOELECTRIC RETRO REFLECTIVE SENSOR, 0 TO 0.3M",2.0,"RK 18/4 G,4000",LEUZE,I-08-2,Sensor
PHOTOELECTRIC HEAD TRANSMITTER,1.0,PS-52T,KEYENCE,E-05-4,Sensor
PHOTOELECTRIC HEAD RECIEVER,1.0,PS-52R,KEYENCE,E-05-4,Sensor
"PHOTOELEC REFLEX SENSOR, NC+N0, RANGE=3M",2.0,UF87PA3,WENGLOR,E-06-2,Sensor
"PHOTOELEC REFLEX SENSOR, NC+N0, RANGE=2M",1.0,HN22PA3,WENGLOR,E-07-3,Sensor
PHASE SHIFT CONTROL DEVICE ,1.0,33 43303B00,BINDER,M-10-2,Control
"PENUMATICE HOSE POLYURTHAN 8X5,150PSI, 15M",1.0,805,ggi,D-02-2,Neumatic hose
"PENUMATICE HOSE POLYURTHAN 6X4,150PSI",1.0,604,SAZN,D-02-2,Neumatic hose
"PENUMATICE HOSE POLYURTHAN 6X4,150PSI",1.0,6X4,ABA,D-02-2,Neumatic hose
"PENUMATICE HOSE POLYURTHAN 12X8,150PSI",1.0,1280,SAZN,D-02-2,Neumatic hose
"PENUMATIC/ SPRING, BUTTERFLY VALVE , NC, S.S",1.0,102.095,AWH,J-12-3,Solenoid valve
"PENUMATIC SINGLE SOLENOID, 2 POSITION  , 24VDC",1.0,B5E6ACA49C,PARKER,B-10-3,Solenoid valve
"PENUMATIC FILTER WITH REGULATOR, 5µM, 0 TO 10 BAR",1.0,LFR-M2-G3/8-C10S,FESTO,B-10-3,Solenoid valve
PENUMATIC CYLINDER SET,1.0,900279,ROGATTI,J-11-2,Cylinder
"OVERLOAD RELAY, 42 TO 55A",1.0,RT2G,GENERAL ELECTRIC,M-10-2,Relay
"OUTPUT UNIT 16 POINT, TRANSISTOR PNP",1.0,CQM1-OD214,OMRON,E-05-4,Module
"OUTPUT UNIT 16 POINT, TRANSISTOR PNP",1.0,CQM1-OD214,OMRON,E-05-4,Module
OUTPUT MODULE DIGITAL,1.0,2DO428.6,B&R AUTOMATION,I-10-3,Module
OUTER TRIANGLE OF CLOTHING STATION ,3.0,150MM L,UHLMANN,A2-3,Clothing
"OPTO-COUPLER MODULE, I/P 53VDC, O/P53VDC, 4 A",1.0,50044,MURR,K-13-2,Module
"OPTO-COUPLER 6.2MM, 24VDC, 2 A",1.0,526059,MURR,K-13-2,Module
"OPERATOR KEYPAD MODULE, 8 BUTTONS",2.0,E82ZBC,LENZE,E-06-2,Module
OPERATION PANEL FOR SIMATIC S7,2.0,6AV3617-1JC20-0AX1,SIEMENS,F-01-1,Panel
OPERATION PANEL FOR PESTER PAC,2.0,PCS095 M PLUS,ELEKTRONIK SYSTEME LAUER,E-02-1,Panel
"OILSEAL BROWN, ISP1D, 60*80*7/7.9",5.0,60*80*7/7.9,CHR,B-01-2,Oil seal
OILSEAL BLACK 170X200X15,2.0,A170X200X15,A+P,B-01-2,Oil seal
"OILSEAL 8'', 217.5*197*2, SILICONE ",1.0,102093-010,,B-03-2,Oil seal
"OILSEAL , 40*55*10",1.0,9200055835,GLATT,B-01-2,Oil seal
OILSEAL,2.0,102091.0004,GLATT,B-03-2,Oil seal
"OIL SEAL, 30*42*9,BUTADIENE-NITRILE RUBBER",9.0,UP 30 42 9,AS,B-01-2,Oil seal
OIL SEAL SET,2.0,243927,,B-01-2,Oil seal
"OIL SEAL 19*27*4, POLYAMAIDE AND PU",159.0,SD 19X27X4 B,INA,B-01-2,Oil seal
"OIL SEAL ,60*80*8, NBR",14.0,BAU4SLX2,CFW,B-01-2,Oil seal
"OIL SEAL , 60*80*7, ",11.0,TPYDCB2355,GLATT,B-01-2,Oil seal
OIL SAE 15W40 API CJ-4C1-4/SM,1.0,700 CJ SUPEREME 7000,Schaeffer's,TBC,Oil seal
OIL MOLY ULTRA RED GREASE NO.2,1.0,229,Schaeffer's,TBC,Oil _ grease
OIL FOR VACUME PUMP,1.0,,,TBC,Oil _ grease
"OIL FILTER, 3/4'', FOR FORKLIFT",1.0,520-509/01,RAYMOND,B-10-2,Oil _ filter
"OIL FILTER, 3/4''",1.0,531000001,BUSCH,B-10-2,Oil _ filter
"OIL FILTER, 3/4''",1.0,531000002,BUSCH,B-10-2,Oil _ filter
"O RING, 80*3MM",1.0,1-977-00447,GLATT,B-02-2,Oil seal
"O RING, 6*1MM, EPDM",6.0,1-999-10976,GLATT,B-02-2,Oil seal
"O RING, 12.3X2.4",8.0,903130,UHLMANN,B-02-2,Oil seal
"O RING T=1.78, NBR",1.0,M08010103,IMA,B-02-2,Oil seal
"O RING SILICONE STRING Ø6MM, L=1436MM, GLUED",1.0,1-997-05838,GLATT,B-02-2,Oil seal
O RING SET FOR FORKLEFT,1.0,230275,BT,B-10-2,Oil seal
O RING SEAL HEATING TANK POS7,1.0,3250098,,B-03-2,Oil seal
O RING 85*3MM ,2.0,1-997-00447,GLATT,B-02-2,Oil seal
O RING 85*3MM ,2.0,1-997-00425,GLATT,B-02-2,Oil seal
"O RING 6*0.78, EPDM",150.0,40989,,B-02-2,Oil seal
"O RING 3*1MM, L=925MM",1.0,1-997-03778,GLATT,B-02-2,Oil seal
O RING 189.87*5.33MM,2.0,1-999-10757,GLATT,B-02-2,Oil seal
"O RING 14*1.5MM, EPDM",11.0,1-999-08222,GLATT,B-02-2,Oil seal
"O RING 12*3MM, SILICON, RED",9.0,1-999-01859,GLATT,B-02-2,Oil seal
"O RING 11.1*1.78, EPDM",6.0,1-999-14861,,B-02-2,Oil seal
"O RING , DN15*4.5, DIN11851",2.0,1-997-00644,GLATT,B-02-2,Oil seal
O RING ,1.0,9520,,B-02-2,Oil seal
O RING,4.0,B596218,IMA,B-02-2,Oil seal
NON TOXIC  AL LUBRICANT,1.0,620-50-P5,BEL RAY,TBC,
"NON RETURN VALVE WITH CLAMP, 1/2 X 1/2'', 12 BAR",1.0,11691,FESTO,B-10-3,Solenoid valve
"NON RETURN VALVE WITH CLAMP, 1 1/2'',S.S",1.0,048Z60150PT121,RATTTINOX,D-05-2,Solenoid valve
"NON CONTACT MAGNITIC SAFETY SWITCH, 1NO+1NC",1.0,1059411,SICK,E-06-2,Switch
NETWORK CABLE RJ45/IP20 - 85445190,1.0,6053787,PHOENIX  CONTACT,E-05-2,Cable
"NEEDLE VALVE , 3/4,'' S.S",1.0,049Z60075PT121,RATTTINOX,D-05-2,Bearing
"NEEDLE ROLLER BEARING, 20X35X17MM",2.0,NAO 20X35X17,INA,M-13-2,Bearing
"NEEDLE ROLLER BEARING, 12x24x14MM",4.0,4901-2RS,INA,M-13-2,Bearing
"NEEDLE ROLLER /ANGULAR CONTACT BALL BEARING, 15X28X20MM",1.0,NKIB5902,INA,A-08-3,Bearing
"MULTIFUNCTION CONTROL RELAY, 3Ø, 183 TO 528VAC, 5A",1.0,RM17-TE00,SCHNEIDER,M-10-2,Control
"MOTOR, 3Ø, 0.75KW, 2A, IP55",1.0,LSMV80LT,LEROY SOMER,L-13-2,Motor
"MOTOR FEEDBACK ,7-12VDC, ",1.0,SFS60-HRATZS01,SICK,J-12-3,Feedback
"MOTOR CONTROLLER, DC PWM,U1=28V, U2=0 TO 24V ",1.0,BV3.815K3,LUTRONIK,M-12-4,Controller
"MOTOR CONTROLLER, DC PWM,U1=28V, U2=0 TO 24V ",1.0,BV3.815K2,LUTRONIK,M-12-4,Controller
"MOTOR CONTROLLER SINGLE DRIVE, I/P MAX 700VDC, 24A, O/P 3Ø, 9A, 0-599HZ",1.0,LXM62DD27C21020,UHLMANN BLISTER,M-11-2,Controller
"MOTOR 6A, 8.5NM",1.0,ML34FN47060M8L4,EVER MOTOR,E-05-2,Motor
"MOTION CONTROLLER 8AXIS , 8DISCRETE I/P, 24VDC",1.0,LMC201C,SCHNEIDER,E-02-1,Controller
"MINIATURE PHOTOELECTRIC , PNP, M8 CONNECTION, SENSING >10M - 84879059",1.0,6002803,DATALOGIC,E-05-2,Control
"MINI RELAY 6A, 24VDC - 84229090",1.0,6400117,FINDER,E-05-2,Relay
"MINI RELAY 6A, 24VDC",,,,,Relay
"MINI ISO CYLINDER, BORE =25MM, 25MM STROKE",1.0,P1A-S025MS-0025,PARKER,A-03-1,Cylinder
"MINI ISO CYLINDER, BORE =20MM, 80MM STROKE",4.0,P1A-S020DS-0080,PARKER,A-03-1,Cylinder
"MINI ISO CYLINDER, BORE =20MM, 80MM STROKE",2.0,P1A-S020DS-0100,PARKER,A-03-1,Cylinder
"MINI ISO CYLINDER, BORE =20MM, 300MM STROKE",1.0,P1A-S020DS-0300,PARKER,A-03-1,Cylinder
"MINI ISO CYLINDER, BORE =20MM, 300MM STROKE",2.0,P1A-S020DS-0160,PARKER,A-03-1,Cylinder
"MICRO SWITCH, NO+NC, 15A",1.0,BZ-2RW84-A2,MICRO,F-06-2,Switch
MICRO SWITCH PS 1041 303 PHM,1.0,903931,UHLMANN,F-06-2,Switch
"MICRO SWITCH FOR FORKLEFT, 10A, 250VAC",2.0,156278,KUMATSO,N-10-3,Switch
"MICRO MOTOR CONTROL BOX I/P 1~30VA,O/P 3-30VDC,0.3A",1.0,UC503C,URAWA,F-01-1,Control
METAL KNEES 083081,5.0,83081,Oregnal ,A2-3,Mechanics l1
MEMBRANE ELEMENT FOR RO UNIT,1.0,FILMTEC BW30-4040 DRY,DOW,C-06-1,Water ro
MECHANICAL SEAL FOR CH 6247 PUMP,1.0,3A2-001-19KIEC1,HILGE,L-13-3,Oil seal
MECHANICAL SEAL FOR CH 6247 PUMP,1.0,3A3-001-28KKE01,HILGE,L-13-3,Oil seal
MARK II MANOMETER 250 Pa,1.0,40-250Pa,DWYER INSTRUMENTS,D-06-2,Gauge
"MANUAL MOTOR STARTER, 10 TO 16A",1.0,SFK0K,GENERAL ELECTRIC,M-10-2,Motor
"MANUAL MOTOR STARTER, 0.9 TO 1.25A",1.0,3RV2011-0KA10,SIEMENS,M-10-2,Motor
"MANUAL MOTOR CONTROL,3P,  9 TO 14A",1.0,GV2ME16,SCHNEIDER,M-10-2,Motor
"MANUAL MOTOR CONTROL,3P,  1.6 TO 2.5A",1.0,"PKZM0-2,5",MOELLER,M-10-2,Control
"MANUAL MOTOR CONTROL , 2.5-4A, 400V, 1.5KW",1.0,PKZM0-4,EATON,M-10-2,Control
"MANUAL MOTOR CONTROL , 1-1.6A, 400V,0.55KW",1.0,"PKZM0-1,6",EATON,M-10-2,Control
"MANOMETER WITH ANALOG INDICATOR , 0 TO 10BAR",1.0,,UHLMANN,L-10-3,Gauge
main real Clutch KEP 09P1300011724VDC,1.0, KEP 09P1300011724VDC,KEP,A2-4,Clutch
main index shaft ,2.0,335mm L x 20mm ,uhlmann ,,Shaft
"MAGNITIC SAFETY SENSOR, 1NO,1NC, 24VDC,1W, 100MA",4.0,101120670,SCHMERSAL,E-06-2,Relay
"MAGNITIC DOOR CONTACT SWITCH  WITH MAGNET, S.S,76*13*25MM, SPDT",28.0,2507A-L,SENTROL,M-08-2,Switch
"Magnetic Reed switch ,2 wire, 24VAC/DC, 0.5m",1.0,5810117,IMA,K-10-2,Switch
"MAGNETEC FLOAT SWITCH, IP65, 230VAC/DC",1.0,ELS-AA 9010038,KSR KUEBLER,A-08-2,Switch
MAGNEHELIC PRESSURE GAUGE 60 Pa,1.0,2000-60Pa,,,Gauge
MAGNEHELIC PRESSURE GAUGE 500 Pa,2.0,12-340001-00,DWYER INSTRUMENTS,D-06-2,Gauge
MAGNEHELIC PRESSURE GAUGE 250 Pa,2.0,71-340001-0 ,DWYER INSTRUMENTS,D-06-2,Gauge
"M12 CONNECTOR 4 PIN FEMALE WITH CABLE LED 10M , 24VDC/4A",1.0,7000-12291-2341000,MURR,M-10-3,Control
M12 CONNECTOR 4 PIN FEMALE,1.0,M12,AIXONTEC,K-10-2,Control
LUBRICATING OIL FOR PAPER SHREDERS,1.0,1.235.997.401,HSM PRESSEN,N-09-1,Oil _ grease
LUBRICATING FLUID FOR KEMET PRODUCTS TYPE OS,1.0,301103,KEMET,N-09-1,Oil _ grease
LOTOTO CARDS,10.0,,,C-01-3,Lototo
Long Manual Leaflet real shaft ,1.0,475mm L 750mm Di,Oregnal ,A2-4,Leaflet rooler
LOCKOUT STATION - LOTOTO,1.0,EP-B101,,C-01-3,Lototo
LOCKOUT - TAGOUT SAFETY KIT - LOTOTO,1.0,,PRINZING,C-01-3,Lototo
LOCK AND KEY - LOTOTO,4.0,,,C-01-3,Lototo
"LOAD CELL, S.S 22KG",1.0,AG01743,RICE LAKE,I-08-2,Load cell
"LITHIUM PLC BATTERY, 1.7AH",1.0,3G2A9-BAT08,OMRON,F-02-2,Battery
"LITHIUM BATTERY, 3V, 950MAH",1.0,CR2477N,RENATA,K-08-4,Battery
"LINEAR BUSHING, 16X26X36M",6.0,LME162636 ,IKO,M-12-2,Bearing
"LINEAR BUSHING, 12X22X32M",4.0,LME122232,IKO,M-12-2,Bearing
"LINEAR BUSHING BALL BEARING, DI=20MM",4.0,KB20GUU,NB,A-08-3,Bearing
"LINEAR BUSHING BALL BEARING, DI=16MM",8.0,KB16GUU,NB,A-08-3,Bearing
"LINEAR BUSHING BALL BEARING, 30X47X68MM",1.0,KB3068-PP,INA,M-13-2,Bearing
"LINEAR BUSHING BALL BEARING, 25X35X40MM",4.0,KH25-B,INA,A-08-3,Bearing
"LINEAR BUSHING BALL BEARING, 16X26X36MM",2.0,KB 16 G,NB,A-08-3,Bearing
"LINEAR BUSHING BALL BEARING, 16X26X36MM",1.0,LME 16 UU,KOLMB,A-08-3,Bearing
"LINEAR BUSHING BALL BEARING, 16X26X36MM",1.0,LME162636 NUU,IKO,M-12-2,Bearing
"LINEAR BUSHING BALL BEARING, 16X26X36MM",1.0,LBE16,IKO,M-12-2,Bearing
"LINEAR BUSHING BALL BEARING, 12X22X32MM",4.0,LME 122232 N,IKO,M-12-2,Bearing
"LINEAR BUSHING BALL BEARING, 12X22X32MM",1.0,LME122232 UU,HFB,M-12-2,Bearing
"LINEAR BUSHING BALL BEARING, 10X19X29MM",16.0,LM101929 UU,HFB,M-12-2,Bearing
"LINEAR ARRAY, 4'',RED, 24VDC",1.0,AL4424,ADVANCED ILLUMINATION,M-08-2,Switch
"LIMIT SWITCH, NO/NC, 5A, 250VAC",1.0,ME-8104,MOUJEN,F-06-2,Switch
"LIMIT SWITCH, NO/NC, 5A, 230VAC",1.0,151155769,SCHMERSAL,F-06-2,Switch
"LIMIT SWITCH MECHANICAL, IP54, 15A@250VAC, 2N0+2NC",1.0,055.000.5,MAYR,F-06-2,Switch
"LIMIT SWITCH , IP65, 220V,3A, N0/NC",4.0,L5K13MEM123,EMAS,F-06-2,Switch
"LIMIT SWITCH , 220V, 2A, N0/NC",1.0,WLCA12-2,MMR,F-06-2,Switch
LIGHT TOUCH CONTACT ELEMENT,1.0,912321,UHLMANN,K-13-2,Light
"LEVEL INSTRUMENT CAPACITIVE , HYDROSTATIC, SILOMETER",1.0,Silometer FMC671Z,ENDRESS+HAUSER,F-01-1,Control
"LENS 12.5MM, F/1.4 VGA",1.0,FL-BC1214D-VG,RICOH,M-08-3,T & t
LED T8-120 CM - 18W - COOL DAY LIGHT - G13 - (1 PACK = 25 LED),1.0,ELED8651318,ELIOS,C-02-1,Led
LED LAMP 9W 6500K / 60CM,61.0,T8,CNYON,C-01-1,Light
LED LAMP 9W  6500K / 60CM,62.0,T8,VENUS,C-01-2,Light
LED LAMP 9W  6500K / 60CM,35.0,T8,ELIOS,C-01-1,Light
LED LAMP 5W  6500K / SPOT,20.0,MR16,ELIOS,C-01-2,Light
LED LAMP  8.8W 6500K E27,18.0,E27,VENUS,K-10-3,Light
LED FLOOD LIGHT 200W  2400 LUMEN,1.0,Floodlight 200W,ELIOS,C-01-2,Light
"LATHE 1/4HP, 1Ø, 1.6A, 2 SPEED , 2 SHAFTS",1.0,26 ESK,RED WING,L-12-1,Light
"LAMP, 3W, 130V",100.0,BA9S T10,KEI LAMP,M-08-2,Light
KEY SET,1.0,909761,UHLMANN,K-13-2,Switch
KEY OPERATION SWITCH ,2.0,QRJSSA12E,SCHLEGEL,K-13-2,Switch
KEY FOR LIMIT SWITCH,1.0,XCKY02,SCHNEIDER,K-09-2,Switch
"Inverter, I/P 1~,3.7A,O/P 3~,2.4A,0.95KVA, 0-400HZ",1.0,LSLV0004M100-1EOFNS,Lsis,E-07-3,Inverter
"Inverter, 3Ø, 0.75KW",1.0,195N1015,DANFOSS,E-07-3,Inverter
"Inverter, 0.75KW, 240V,4A",2.0,E82EV751K2C,LENZE,E-07-3,Inverter
"Inverter MICROMASTER 440 WITHOUT FILTER, 3Ø,  0.75KW",1.0,6SE6440-2UD17-5AA1,SIEMENS,E-07-3,Inverter
Inverter L100 Series,1.0,L100-004NFE,HITACHI,E-07-3,Inverter
Inverter  SJ100 SERIES,1.0,SJ100-004NFE,HITACHI,I-09-3,Inverter
"Intermediate Piece 16 Bar , DIN50 , PN40",1.0,CF8M,LOCAL,C-04-3,Water intermediate
INTER PHONE ,1.0,TP-1L,COMMAX,C-01-4,
INPUT MODULE 3DI476.6 16E,1.0,913335,UHLMANN,F-05-2,Module
"INFLATABLE GASKET , UNFOLDING U-SHAPED, SILICONE",1.0,04-0070-08,GLATT,J-10-2,Gasket
"INFLATABLE GASKET , UNFOLDING U-SHAPED, SILICONE",1.0,1-952-20190-0,GLATT,J-10-2,Gasket
"INFLATABLE GASKET , UNFOLDING U-SHAPED, SILICONE",1.0,1-999-10335,GLATT,J-10-2,Gasket
"INFLATABLE GASKET , UNFOLDING U-SHAPED, SILICONE",1.0,04-0079-26,GLATT,J-10-2,Gasket
"INFLATABLE GASKET , UNFOLDING U-SHAPED , SILICONE, 35X32MM",1.0,1-105-00459D,GLATT,J-10-2,Gasket
"INDUSTRIAL CONNECTOR, 6PIN, 16A, M+F",1.0,6M,HARTING,K-13-2,Control
INDUSTRIAL 3D VISUALIZATION UNIT,1.0,HRC_S24,METTLER TOLEDO,M-08-3,T & t
"INDUCTIVE PROXIMITY SWITCH, PNP, NO",1.0,IBCT-1214,SCHONBUCH,I-08-2,Proximity
"INDUCTIVE PROXIMITY SWITCH, PNP, NO",1.0,NBB4-12GM50-E2-5M,PEPPERL+FUCHS,I-08-2,Proximity
"INDUCTIVE PROXIMITY SWITCH, PNP, NO",1.0,NBB2-12GM40-E2-V1,PEPPERL+FUCHS,I-08-2,Proximity
"INDUCTIVE PROXIMITY SWITCH, PNP, NO",1.0,18GM50-E2-V1,PEPPERL+FUCHS,I-08-2,Proximity
"INDUCTIVE PROXIMITY SWITCH, PNP, NO",1.0,IF5345,IFM,E-06-2,Proximity
"INDUCTIVE PROXIMITY SWITCH, PNP, NO",4.0,IN5370,IFM,E-06-2,Proximity
"INDUCTIVE PROXIMITY SWITCH, PNP, NO",1.0,HYP-12R 4PA,HANYOUNG,I-08-2,Proximity
"INDUCTIVE PROXIMITY SWITCH, PNP, NO",1.0,DW-AS-503-M30-002,CONTRINEX,I-08-2,Proximity
"INDUCTIVE PROXIMITY SWITCH, PNP, NC",2.0,ILCT1215,SCHONBUCH,I-08-2,Proximity
"INDUCTIVE PROXIMITY SWITCH, NPN, NO",1.0,ILLI1214,SCHONBUCH,I-08-2,Proximity
"INDUCTIVE PROXIMITY SWITCH, NPN, NC",3.0,ILCT 1213,SCHONBUCH,I-08-2,Proximity
"INDUCTIVE PROXIMITY SWITCH, NON FERROUS TARGET, NO",1.0,NJ3-18GK-S1N,PEPPERL+FUCHS,I-08-2,Proximity
"INDUCTIVE PROXIMITY SWITCH, NC, M8",1.0,"NJ1,5-8GM-N-5M",PEPPERL+FUCHS,I-08-2,Proximity
"INDUCTIVE PROXIMITY SWITCH, NC, M18",1.0,NCB5-18GM40-N0,PEPPERL+FUCHS,I-08-2,Proximity
"INDUCTIVE PROXIMITY SWITCH, NC, M12",3.0,NCN4-12GM35-N0,PEPPERL+FUCHS,I-08-2,Proximity
"INDUCTIVE PROXIMITY SWITCH, M8, PNP, NO",1.0,AE1-AP-2A,MICRO DETECTORS,I-09-2,Proximity
"INDUCTIVE PROXIMITY SWITCH, M12, PNP, NO/NC",1.0,BES 516-113-BO-C-03,BALLUFF,E-06-2,Proximity
"INDUCTIVE PROXIMITY SWITCH, M12, PNP, NO/NC",1.0,BES 516-113-S4-C,BALLUFF,I-09-2,Proximity
"INDUCTIVE PROXIMITY SWITCH, M12, PNP, NO",1.0,XS212BLPAM12,TELEMECANIQUE,E-06-2,Proximity
"INDUCTIVE PROXIMITY SWITCH, M12, NPN, NO",1.0,AM1/AN-1A,MICRO DETECTORS,I-08-2,Proximity
"INDUCTIVE PROXIMITY SWITCH, M12, NAMUR, NC",1.0,NCB2-12GM35-N0-V1,PEPPERL+FUCHS,I-09-2,Proximity
"INDUCTIVE PROXIMITY SWITCH , PNP, NO/NC",4.0,IN5028 / IN-3004-FPKG,IFM,I-09-2,Proximity
INDUCTIVE PROXIMITY SWITCH - M8 - 3RG4011-0AG05-PF,1.0,6022432,PEPPERL+FUCHS,E-05-2,Proximity
INDUCTIVE PROXIMITY SWITCH ,1.0,3RG4210-7AG00,PEPPERL+FUCHS,K-10-2,Proximity
INDUCTIVE PROXIMITY SWITCH ,1.0,33877,PEPPERL+FUCHS,I-08-2,Proximity
"INDUCTIVE PROXIMITY  SENSOR M12,PNP,NO - 90318034",1.0,6003098,BALLUFF,E-05-2,Proximity
"INDUCTIVE PROXIMITY  SENSOR M12,PNP,NO - 84229090",1.0,6022113,BULLUFF,E-05-2,Proximity
INCLINED TUBE MANOMETER ,2.0,6552001000,SCHNEIDER,D-06-2,Gauge
IMPELLER 40-200/210 CI,1.0,96039185,GRUNDFOS,L-13-3,Amplifier
IMAGE BASED ID READER,1.0,MATRIX 210 212-110 SB4494,DATALOGIC,E-06-2,Amplifier
IMA GREEN BELT,1.0,B472476,IMA,A-05-3,Belts
HYDRAULIC OIL H-1 ISO-150,1.0,0269150 - 005,Schaeffer's,TBC,Oil _ grease
HYDRAULIC DOOR CLOSSER,1.0,D720,HYUNDAE,L-11-3,Oil _ grease
"HOSE, SILICONE, WITH TEXTILE REINFORCEMENT, WHITE PLATINUME CURED",1.0,GSI 65NT-FDA,GECITECH,L-08-2,Neumatic hose
"HOSE WITH FABRIC LINING L=2.7, 19*4MM FOOD GRADE +NIPPLES+COUPLING",1.0,OCO601716EH,GLATT,L-08-3,Neumatic hose
HOSE 3/4 W.P=30BAR ,1.0,,AIR HOSE,L-08-3,Neumatic hose
HIGHBAY LED 160W 220V 20000 LUMINE ,1.0,160W,OPPLE,M-09-1,Electricity light
HIGHBAY LED 160W 220V 20000 LUMINE ,2.0,160W,OPPLE,M-08-1,Electricity light
"HIGH TEMPERATURE FILTER UPTO 120C, 592*592*292MM, 4250M3/H ",1.0,COMATEX FP-F61592-HT,VOKES,L-13-4,High filter
"HEPA FILTER, 610*1220*69, 0.3µM,0.4M/S",1.0,M575-233-008,AAF,L-13-4,Hepa filter
"HEPA EXUAUST FILTER, H13",2.0,21738000,NILFISK,B-10-2,Hepa filter
HELICAL POTENTIOMETER 10KOHM,1.0,908661,UHLMANN,K-13-2,Electricity helical
"HEATTING ELEMENT 9KW, 400V, 13A, L=335, WITH 2.2M CABLE",1.0,9050262,GWK,D-03-2,Heater
"HEATING ELEMENT, 750W, 230V, S.S",1.0,E112303,RICA,N-09-3,Heater
"HEATER 3~,9000W, 13A, IP50",1.0,9050262 ,GWK,L-10-4,Heater
"HEATER 3~,8000W",1.0,202430,RICA,L-10-4,Heater
"HEATER 3~,8000W",1.0,281920,RICA,L-10-4,Heater
"HEATER , 2 WIRE",1.0,8619,GRASEBY,L-10-4,Heater
Hand Pallets Wheels  (Rubber Cover),9.0,,STILL ,A-05-4,Hand pallets
Hand Pallets Load Rollers 167607,7.0,,STILL ,A-05-4,Hand pallets
"GROUP MARKER CARRIER, ",10.0,249-119,WAGO,K-13-2,Electricity
GROUP LOCK HASPS - LOTOTO,10.0,,,C-01-3,Lototo
GROUP LOCK BOX - LOTOTO,5.0,,,C-01-3,Lototo
"GROUNDING CABLE, 1.3MM, WITH MOUNTING SET",2.0,1-105-00215,GLATT,M-10-3,Cable
GREASE NLG1 NO.2,1.0,229 ULTRA RED SUPEREME,Schaeffer's,TBC,Oil _ grease
"GLASS FIBER OPTIC CABLE, THROUGH BEAM MODEL",2.0,SLK2226,WENGLOR,M-10-3,Cable
"GEARED MOTOR, 24VDC, 25.1W",1.0,912694,GEFEG-NECKAR,L-13-2,Motor
"GEARED MOTOR 3Ø, 2.2KW, 4.7A, 1410/64 RPM",1.0,R57DV100M4/BMG/HR/TF,SEW,L-13-1,Motor
"GEARBOX , WITH S.S SHAFTS",1.0,,COLOBO FILIPPETTI,N--09-1,Motor
"GEARBOX , RATIO 1/7",1.0,NRVS016163,SNT,D-04-3,Gearbox
GEAR OIL  H-1 FOOD GRADE ISO 320,1.0,276,Schaeffer's,TBC,Oil _ grease
"Gear Lubricant ISO-220 , API GL-5 MT-1 PG-2",1.0,268 moly ss,Schaeffer's,N-09-1,Oil _ grease
"GEAR LUB OIL ISO 460 , API GL5 MT-1 PG-2",1.0,286 MOLY SS ,Schaeffer's,N-09-1,Oil _ grease
GEAR BOX IMA GIANT 1,1.0,,,K-09-1,Gearbox
"GASKET, DN300, U PROFILE, 5/9*10 ",2.0,1-997-01944,GLATT,B-02-2,Gasket
"GASKET RING Ø125XØ107X1MM, SILICONE",1.0,1-997-04183,GLATT,B-03-2,Gasket
GASKET RING FILTER DN400 WITH INLAY ,3.0,1-997-01427,GLATT,B-03-2,Gasket
"GASKET Ø14MM, FABRIC FILTER, SILICONE",1.0,1-997-01946,GLATT,B-03-2,Gasket
GASKET KIT,5.0,139034 BT,,B-01-2,Gasket
GASKET KIT,4.0,PB 139032,,B-01-2,Gasket
"GASKET DN100, SILICONE",2.0,1-997-00198,GLATT,B-03-2,Gasket
GASKET DISCHARGE ,2.0,028 15296 000,,B-03-2,Gasket
GASKET,1.0,3230175,,N-09-3,Gasket
GASKET,1.0,3230171,,N-09-3,Gasket
"FUSE 1A, 6.3X32MM, CRAMIC",5.0,T1A,OMEGA,K-13-2,Fuse
"FUSE 1A, 5X20MM, GLASS",3.0,50F F1AL,OMEGA,K-13-2,Fuse
"FUNCTION MODULE, 13 PIN",2.0,E82ZAFSC100,LENZE,E-06-2,Module
"FRONT CONNECTROR FOR S7-300, 40 POLE",1.0,6ES7922-3BD20-5AC0,SIEMENS,I-10-3,
Frequency Converter with Trip Values KFD2-UFC-Ex1.D,1.0,188370,PEPPERL+FUCHS,E-05-3,Converter
"FORK PHOYOCELL, 10-30VDC, PNP/NPN - WF2-40B416",1.0,6028450,SICK,E-05-4,Sensor
FLUORESCENTS TUBES T8-150 CM F58W/35,8.0,29575/37627,GE,C-02-1,Light
"FLOWMETER OF BATCH CONTROLLER, 4-20MA,12-36VDC",1.0,SE35/8035,BURKERT,A-08-2,Flowmeter controller
"FLOW MONITOR SENSOR , M18, IP67",1.0,SI1000,IFM,E-06-2,Flow monitor sensor
"FLOW ELECTRONIC MODULE , PNP, 12-36VDC, 0.7A, 0.3-10M/S",1.0,SE32/8032,BURKERT,A-08-2,Flow module
FLOW  ASSEMBLY FOR PH/ORP SENSORS,1.0,CPA250-A00,ENDRESS+HAUSER,D-05-2,Flow monitor sensor
FLOROCENT 60CM 20W,25.0,FL20T9/19,TORNADO,C-01-2,Light
FLOOD LIGHT 150W,2.0,,,M-10-1,Light
"FLEXIBLE HOSE 1'', GRAY, 3M, FOR VACUUM CLEANER",2.0,1INCH HOSE,NILFISK,L-08-2,Neumatic hose
FLASH BOX FOR CAMERA SYSTEM,1.0,B1450,IMAGO TECHNOLOGIES,E-05-2,T & t
"FLANGE GASKET , GCM I, EXHAUST SHOE",1.0,3-740-01430A,,B-03-2,Flange gasket
FLANGE 061 216 WITH STANDARD PARTS,1.0,70000810,UHLMANN,M-13-2,Flange gasket
"FIXED CASTOR D200, WITH SPRING SYSTEM ",2.0,1-113-00289A,GLATT,N-08-2,Swivel castor
FIRE ANGLE HOSE VALVE 2  1/2''  618R,1.0,A56 ,GIACOMINI,D-07-2,Fire valve
FIRE ALARM WATER FLOW DETECTOR,1.0,WFD30,system sensor,K-13-2,Fire detector
"FILTER CARTAGE,20'', 5µ, POLYPROPYLENE",9.0,RM2F050H21,PALL,C-06-2,Water filter cartage
"FILTER CARTAGE, PAPER, 64X38X70MM",3.0,90950500000,BECKER,B-10-2,Water filter cartage
FIELD METROLOGY WELL CALIBRATION 200C TO 962C,1.0,9171,FLUKE,M-13-4,Calibration
FIBER-OPT NPN/PNP,1.0,S5-5-E1-30,DATALOGIC,E-05-4,Fiber sensor
"FIBER OPTIC AMPILIFIER,NPN, M12, NC+NO, M12",1.0,UM55PA2,WENGLOR,E-07-3,Fiber sensor
"FIBER OPTIC AMPILIFIER, NPN, WITH TIMER, INCLUDING SIDE PLATE",1.0,FS-M1,KEYENCE,K-09-2,Fiber sensor
"FELT PADS FOR PUNCH HEADS, 19MM",9.0,3100493,FETTE,J-11-3,Electricity
FAN MOTOR 220-240VAC - 0.09A,2.0,2082HSL,LINDA,E-05-3,Fan
FAN MOTOR 220-240V - 0.08A,1.0,FD1238A2HSL,KINGSKY,E-05-3,Fan
"F INSERT CRIMP, FEMALE, 40PIN",1.0,HAN 40D-F,HARTING,K-13-2,Electricity
"ETHERNET SWITCH , 8XRJ45",1.0,1240900000,WEIDMULLER,M-13-3,Switch
"ENERGETIC DIFFUSE SENSOR, PNP",1.0,RK 72/4-200,LEUZE,I-08-2,Sensor
"ENERGETIC DIFFUSE SENSOR, PNP",1.0,"RK 93/4-20 S,6000",LEUZE,E-06-2,Sensor
END AND INTERMEDIATE PLATE,8.0,280-312,WAGO,K-13-2,Electricity
END AND INTERMEDIATE PLATE,2.0,2016-1291,WAGO,K-13-2,Electricity
END AND INTERMEDIATE PLATE,3.0,282,WAGO,K-13-2,Electricity
"ENCODER, STEPS=8192",2.0,6362018,TR ELECTRONIC,E-05-2,Enconders
"ENCODER, STEPS=360",2.0,ARS60-G4Z0-S02,SICK,F-06-2,Enconders
"ENCODER, STEPS=256",1.0,AS508/GY-6-Z/S412,LIKA,F-06-2,Enconders
"ENCODER TYPE D, RS422",2.0,DIG 58D-2500-AB-105-SC8-D78,WOLKE,F-06-2,Enconders
"ENCODER SINGLE TURN, 13BIT, FLAGE SOCKET",1.0,6FX2001-5QS12,SIEMENS,F-06-2,Enconders
"ENCODER ,STEPS=32768 - CEV582S-90041",1.0,6362135,TR ELECTRONIC,E-05-2,Enconders
"ENCODER , LIKA ",1.0,AS58S12/GS-10-R/S625,LIKA,E-05-2,Enconders
"EMERGENCY STOP RELLAY CONTROLLER, 24VDC",2.0,18813647 ,SCHLEICHER,E-06-2,Emergency
ELECTRONIC POSITION INDICATOR,1.0,AP05,SIKO,K-10-2,Electronic  position indicator
ELECTRONIC CARD KRINT V5.1 GWK,1.0,9071114,GWK,F-01-2,Electronic board
ELECTRONIC CARD KRANL V2.0,1.0,9070459,GWK,F-01-2,Electronic board
ELECTRONIC CARD KRADC V1.1,1.0,9070880,GWK,F-01-2,Electronic board
ELECTRONIC CARD,1.0,CQM1-ME08K,OMRON,F-02-2,Electronic board
Electronic Board for VFD ,1.0,9070747,GWK,A-05-2,Electronic board
"ELECTROMAGNITIC PANEL BUZZER, 24VDC",1.0,HRB-PS30,MAG,K-13-2,Electronic buzzer
"ELECTROMAGNETIC MOTOR BRAKE 24V, 38W",1.0,6/500.100,MAYR,N-08-3,Clutch
"ELECTRIC SOLENOID ACTUATOR, 24VDC, 1A, ",1.0,70-134,FIKE,B-10-3,Solenoid valve
ELECTRIC PLASTIC HOSE WITH END GLANDS M20X1.5,1.0,,TEAFLEX,E-05-2,Neumatic hose
"Electric Contact Gauge,WITH HIGH/LOW SWITCH",1.0,AISI316,BADOTHERM,D-06-2,Electric gauge
"Electric Contact Gauge,",1.0,AISI316,E.ma,D-06-2,Electric gauge
"EARTH STRAP WITH END TERMINALS, 30CM",1.0,EARTH-STRAP,LOCAL,M-10-3,Electric earth
DOUBLE SIEVE INSERT,1.0,3450050,,B-10-3,Sieve glatt
DOUBLE DRIVE CONNECTOR AND SERCOS CABLE,1.0,VW3E6002,SCHNEIDER,M-10-3,Connector cable
"DOUBLE ACTING CYLINDER, PISTON DIA25MM",1.0,2469,FESTO,A-03-1,Cylinder
DOOR LOCK WITHOUT KEY,2.0,72X60,AMIRCO,L-11-3,Door
DOOR LEVER HANDLE ,2.0,DDTH002,WELDER,D-04-2,Door
DOOR CLOSER SLIDE ARM&CHANNEL,3.0,64010001,DORMA,D-04-2,Door
DOOR CLOSER CAM ACTION,5.0,42020101,DORMA,D-04-2,Door
"DISTRIBUTION BOX IN WALL, 2-4 GANG, PLASTIC",2.0,2-4 GANG,KENWELL,E-08-3,Electricity
"DISTRIBUTION BOX  165*220*108 ,IP20",1.0,BR 806,BORSAN,E-08-3,Electricity
DISPLACEMENT LINEAR POSITION TRANSDUCER ,1.0,JX-EP-60-70282,UNIMEASURE ,M-13-4,Cylinder
"DISC ASEPTIC DIAPHRAM VALVE . S.S, 3/4''",1.0,061A60075PT70,RATTTINOX,D-05-2,Solenoid valve
"DIODES MODULE, 10 DIODES",3.0,36649,LEGRAND,M-09-3,Diodes module
"DIGITAL TEMPERATURE SWITCH PROBE, PTC, -50 TO 105 C",1.0,TS-51,LOVE CONTROLS,I-08-2,Switch
DIGITAL PRECISION SETTING KNOB,1.0,912690,UHLMANN,K-13-2,Digital precision
DIGITAL INPUT/OUTPUT MODULE FOR S7-200,1.0,6ES7223-1BH22-0XA0,SIEMENS,E-05-4,Module
DIGITAL INPUT MODULE ,1.0,3DI476.6,B&R AUTOMATION,K-11-4,Module
"Differential Pressure Gauge for Filter, Max 16 Bar",2.0,PD120,ATLAS COPCO,D-06-2,Differential pressure gauge
"DIAPHRAGM, DN50, EPDM",3.0,DD20-ITFM,DIAPHRAGM DIRECT,L-13-3,Diaphragm
"DIAPHRAGM, DN25, EPDM",1.0,DD10-ITFM,DIAPHRAGM DIRECT,L-13-3,Diaphragm
"DIAPHRAGM, DN20, EPDM",1.0,DD07-ITFM,DIAPHRAGM DIRECT,L-13-3,Diaphragm
"DIAPHRAGM, DN15, EPDM",1.0,DD05-ITFM,DIAPHRAGM DIRECT,L-13-3,Diaphragm
"DEVICE SOCKET 2+PE FOR PENUMATIC VALVE , 10A, 250VAC, LED",1.0,2004087,SMC,B-10-3,Solenoid coil
"DEVICE SOCKET 2+PE FOR PENUMATIC VALVE , 10A, 250VAC",1.0,1258133,NORGEN,B-10-3,Solenoid coil
DESK TOP SCREEN  THINKVISION,1.0,9227-AG1,LENOVO,F-01-4,Screen desk
DEFFERENTIAL PRESSURE RANGE -3000TO3000 PA,1.0,Delta bar PMD75,ENDRESS+HAUSER,A-08-2,Differential pressure gauge
"DEEP GROVE BALL BEARING, 60X110X22",2.0,6212-2NSE,NACHI,M-13-2,Bearing
"DEEP GROOVE BALL BEARING,15X24X5MM",6.0,6802 ZZ,KG,A-08-3,Bearing
"DEEP GROOVE BALL BEARING, 8X22X7MM",1.0,608-2RSH,SKF,M-12-2,Bearing
"DEEP GROOVE BALL BEARING, 8X22X7MM",3.0,608-2Z,SKF,A-08-3,Bearing
"DEEP GROOVE BALL BEARING, 6X19X6MM",4.0,626-2Z/C3,SKF,M-12-2,Bearing
"DEEP GROOVE BALL BEARING, 6X19X6MM",2.0,626-2RSH,SKF,A-08-3,Bearing
"DEEP GROOVE BALL BEARING, 6X19X6MM",4.0,626-2RS1,SKF,A-08-3,Bearing
"DEEP GROOVE BALL BEARING, 6X19X6MM",7.0,626-2RSH/C3,SKF,M-12-2,Bearing
"DEEP GROOVE BALL BEARING, 6X19X6MM",8.0,626-Z,GF,M-12-2,Bearing
"DEEP GROOVE BALL BEARING, 5X16X5MM",6.0,625-2Z/C3,SKF,A-08-3,Bearing
"DEEP GROOVE BALL BEARING, 45X100X25MM",2.0,6309-2RS1/C3,SKF,M-12-2,Bearing
"DEEP GROOVE BALL BEARING, 40X80X18MM",1.0,6208-2Z/C3,SKF,A-08-3,Bearing
"DEEP GROOVE BALL BEARING, 40X80X18MM",1.0,6208-2RS1/C3,SKF,A-08-3,Bearing
"DEEP GROOVE BALL BEARING, 35X80X21MM",7.0,6307-2Z/C3,SKF,A-08-3,Bearing
"DEEP GROOVE BALL BEARING, 35X72X17MM",1.0,6207-2RS1/C3,SKF,A-08-3,Bearing
"DEEP GROOVE BALL BEARING, 30X62X16MM",1.0,6206-2RS1,SKF,A-08-3,Bearing
"DEEP GROOVE BALL BEARING, 30X55X13MM",2.0,6006-2RS1,SKF,A-08-3,Bearing
"DEEP GROOVE BALL BEARING, 30X42X7MM",1.0,61806-2RS1,SKF,M-13-2,Bearing
"DEEP GROOVE BALL BEARING, 25X62X17MM",1.0,6305-RS1,SKF,A-08-3,Bearing
"DEEP GROOVE BALL BEARING, 25X47X12MM",11.0,6005-2RSH/C3,SKF,A-08-3,Bearing
"DEEP GROOVE BALL BEARING, 20X52X21MM",1.0,62304.2RSR,FAG,A-08-3,Bearing
"DEEP GROOVE BALL BEARING, 20X52X15MM",3.0,6304-RS1,SKF,A-08-3,Bearing
"DEEP GROOVE BALL BEARING, 20X47X14MM",3.0,6204D,KBC,A-08-3,Bearing
"DEEP GROOVE BALL BEARING, 20X42X12MM",2.0,6004-2RSH/C3,SKF,A-08-3,Bearing
"DEEP GROOVE BALL BEARING, 20X42X12MM",1.0,6004LLU/5K,NTN,A-08-3,Bearing
"DEEP GROOVE BALL BEARING, 20X42X12MM",1.0,6004LU,NTN,A-08-3,Bearing
"DEEP GROOVE BALL BEARING, 20X42X12MM",1.0,6004-C3,KBC,A-08-3,Bearing
"DEEP GROOVE BALL BEARING, 20X42X12MM",1.0,6004D,KBC,A-08-3,Bearing
"DEEP GROOVE BALL BEARING, 20X42X12MM",1.0,6004.2ZR.C3,FAG,A-08-3,Bearing
"DEEP GROOVE BALL BEARING, 17X47X14MM, S.S",2.0,6303-2z-v14-17,SKF,A-08-3,Bearing
"DEEP GROOVE BALL BEARING, 17X35X4MM",5.0,63003-2RS,KG,A-08-3,Bearing
"DEEP GROOVE BALL BEARING, 17X35X10MM",5.0,6003-2RSH/C3,SKF,A-08-3,Bearing
"DEEP GROOVE BALL BEARING, 17X35X10MM",10.0,6003-2Z/C3,SKF,A-08-3,Bearing
"DEEP GROOVE BALL BEARING, 15X42X13MM",8.0,6302-2Z/C3,SKF,A-08-3,Bearing
"DEEP GROOVE BALL BEARING, 15X35X11MM",8.0,6202-2RSH/C3,SKF,A-08-3,Bearing
"DEEP GROOVE BALL BEARING, 15X32X9MM",8.0,6002-2RSH/C3,SKF,A-08-3,Bearing
"DEEP GROOVE BALL BEARING, 12X32X10MM",4.0,6201-2RSH/C3,SKF,A-08-3,Bearing
"DEEP GROOVE BALL BEARING, 12X28X8MM",4.0,6001-2Z/C3,SKF,A-08-3,Bearing
"DEEP GROOVE BALL BEARING, 12X28X8MM",1.0,6001-2RS1,SKF,M-13-2,Bearing
"DEEP GROOVE BALL BEARING, 10X30X9MM",5.0,6200.EE,SNR,A-08-3,Bearing
"DEEP GROOVE BALL BEARING, 10X30X9MM",12.0,6200-2RSH,SKF,M-12-2,Bearing
"DEEP GROOVE BALL BEARING, 10X26X8MM",21.0,6000-2RSH/C3,SKF,A-08-3,Bearing
"DEEP GROOVE BALL BEARING, 10X26X8MM",8.0,6000-2Z/C3 ,SKF,M-12-2,Bearing
"DEEP GROOVE BALL BEARING, 10X19X5MM",9.0,6800 RS,SKF,A-08-3,Bearing
"DEEP GROOVE BALL BEARING, 10X19X5MM",1.0,61800-2Z,SKF,M-12-2,Bearing
DC BRUSHERLESS FAN MOTOR 24VDC 0.36AMP,9.0,FP-108/DC,COMMONWEALTH,E-05-3,Fan
DATA CABLE,1.0,9180192,,N-09-3,Cable
Current value transformer KFD2-CD-1.32,1.0,104218,PEPPERL+FUCHS,E-05-3,Value transformer
CUPPER CURVES AND DEVICE,2.0,3500408,FETTE,J-11-3,Fette
"CUPPER BAR FOR STRIPPER , P2000/2100",1.0,3100411,FETTE,J-11-3,Fette
CROSS CLAMP WITH LEVER 25X25MM,1.0,WLK610401,,N-08-3,Clamp
CPU MODULE FOR S7-200,1.0,6ES7216-2AD23-0XB0,SIEMENS,E-05-4,Module
CPU CARD,1.0,B12,GWC,E-05-2,Module
CPU + SOFTWARE FOR ECOGRAPH T RSG35,1.0,XPR0008-1009/0,ENDRESS+HAUSER,F-01-2,Module
COVER FOR 60*60 LED PANEL UNIT,3.0,,3 BROTHERS,K-12-4,Light
"COUPLING SOCKET, 6+PE,  10A, 250V",1.0,T3104 001,AMPHENOL-TUCHEL,M-10-3,Socket
CONVEYOR BELT GG 40 U,1.0,70166,UHLMANN,J-09-2,Belts
"CONVENTIONAL DOOR CLOSER, MAX 60KG",1.0,60150,CISA,D-04-2,Door
CONTROL BOX WITH SCREEN,1.0,109836013,ARGUS,F-01-4,Control
CONTROL BOARD,1.0,QK-CE220,QUIKO,F-01-2,Control
"CONTACTOR, 3Ø, 90KW, 400V,2C+2N0",1.0,DILM185-S/22,MOELLER,F-04-4,Contactor
"CONTACTOR, 3Ø, 75KW, 400V,AC",2.0,DILM150(RAC240),MOELLER,F-04-4,Contactor
"CONTACTOR, 24VDC, 3Ø,  4KW, 1NO",1.0,3RT1016-1BB41,SIEMENS,M-10-2,Contactor
"CONTACTOR, 24VAC, 3Ø, 7.5KW, 400V,1NC",1.0,3RT1025-1AC20,SIEMENS,M-10-2,Contactor
"CONTACTOR, 24VAC, 3Ø, 4KW, 400V,1NC",1.0,3RT2016-1AB02,SIEMENS,M-10-2,Contactor
"CONTACTOR COMBINATION FOR SAFETY CIRCUITS,24VDC",3.0,3TK2804-0BB4,SIEMENS,E-08-3,Contactor
"CONTACTOR , FOR FORKLIFT, 24V, WITH TERMINALS",2.0,135654,BT,N-09-3,Forklift control
"CONTACTOR , 4KW, 400VAC, 9A",1.0,XTMC9A10,EATON,M-10-2,Contactor
"CONTACTOR , 400VAC, 3Ø, 7.5KW, 1NO ",1.0,CL02A310TU,GENERAL ELECTRIC,M-10-2,Contactor
"CONTACTOR , 230VAC, 3Ø, 30KW, 1NO+1NC",1.0,CL07A311MN,GENERAL ELECTRIC,M-10-2,Contactor
"CONTACT BLOCK, 250VAC, 6A, 8 PIN",1.0,AT2,SCHLEGEL,M-10-3,Contactor
"CONTACT BLOCK, 250V, 1.5W",2.0,AL5,SCHLEGEL,M-10-3,Contactor
"CONTACT BLOCK REED, 1NO",1.0,P9B10FH,GENERAL ELECTRIC,N-10-3,Contactor
"CONNECTOR, 230-363A",1.0,909948,UHLMANN,A-03-1,Contactor
CONNECTOR >PC-GF20<,1.0,7202001-01,SIEMENS,E-05-4,Contactor
CONNECTION FOR VALVE CABLE 3MT,1.0,6600174,SMC,E-05-2,Cable
"CONNECTING CABLE  5M.FOR SOLENOID VALVE VIA M2 ,IP65, W/ LED",2.0,8047680,FESTO,E-05-4,Cable
CONDUCTIVITY TRANSMITTER/Liquisys M +PT100,1.0,CLM223,ENDRESS+HAUSER,A-03-3,Conductivity transmitter
"CONCAVE DIAPHRAGM, DN32-40, EPDM",1.0,Diaphragm code 13,GEMU,L-13-3,Diaphragm
"CONCAVE DIAPHRAGM, DN15-25, EPDM",2.0,Diaphragm code 13,GEMU,L-13-3,Diaphragm
"CONCAVE DIAPHRAGM, DN12, EPDM",1.0,Diaphragm code 13,GEMU,L-13-3,Diaphragm
COMPLETE UNIT LEAFLET FEEDER,1.0,,IMA,N-08-1,Electricity complete
COMPLETE CLUTCH UNIT,1.0,,,N-08-1,Clutch
"COMPACT PLC CPU, 8DI, 6DO, 2AI , FOR S7- 1200",1.0,6ES7212-1AE40-0XB0,SIEMENS,E-01-2,Plc cpu
"COLOR SENSOR , PNP,5 PIN,  M12 - CS81-P1112",1.0,1028224,SICK,E-05-4,Sensor
CLEAN ROOM HEPA AIR FILTER 610X610X69 0.3µm,1.0,M575-233-005,AFF,C-06-2,Hepa filter
CLEAN ROOM AIR FILTER 610X1220X69 0.3µm,1.0,M575-233-008,AFF,TBD,Hepa filter
"CLAMPING MODULE, P MAX=8BAR",1.0,AV-35-2-SA,FESTO,N-08-3,Hepa filter
"CLAMP TERMINAL SOCKET, 10A",4.0,95.05,FINDER,K-13-2,Clamp
"CLAMP TERMINAL SOCKET, 10A",2.0,95.85.3,FINDER,K-13-2,Clamp
"Circuit-breaker, 3p, 200A",1.0,NZMB2-A200,MOELLER,F-04-4,Contactor
"Circuit-breaker, 3p, 160A",1.0,NZMB2-A160,MOELLER,F-04-4,Contactor
"Circuit-breaker, 3p, 160",1.0,NZMN2-A160 ,MOELLER,F-04-4,Contactor
CHLORINE FREE AND TOTAL HR REAGENTS SET,1.0,HI93734-01,HANNA,D-05-2,Water test
CERCLE ILLUMINATION 126X126X13 FOR TELECAMERA,1.0,,METTLER TOLEDO-PCE,M-08-2,Led
"CAT6 CABLE COMMUNICATION CABLE, AWG23",1.0,7965E.K1305,BELDEN,M-12-4,Cable
"CAT6 CABLE COMMUNICATION CABLE, 24AWG.75C",1.0,NK6,PANDUIT,M-12-4,Cable
CARTON METAL FINGERS OF CARTON CHAIN ,1.0,SET OF CHAIN ,UHLMANN ,A-02-3,Chain
"CARBON PUMP VANES, 95X43X4 MM",12.0,90135200007,BECKER,J-11-3,Mechanics l1
CARBON BRUSH SET 10X25X20,4.0,7509136,BT,B-10-2,Forklift carbon
CARBON BRUSH FOR FORKLIFT,1.0,161611,BT,B-10-2,Forklift carbon
"CAPACITIVE PROXIMITY SWITCH , PNP, NO",1.0,128636,PEPPERL+FUCHS,I-08-2,Proximity
"CAPACITIVE PROXIMITY SWITCH , PNP, NO",1.0,BCS030PS1CS4,BALLUFF,E-06-2,Proximity
Camozzi Filter regulator 16 Bar,2.0,MC202-D10,Camozzi,,Regulator
"CAMERA, 0.8 MP, GIGABIT EATHERNET , RJ45",1.0,TXG08C,BAUMER,M-08-3,T & t
"CAMERA LENS 50MM, F/1.4 USM",1.0,EF 50mm f/1.4 USM,CANON,M-08-3,T & t
"CAMERA LENS 40MM, F/2.8 STM",1.0,EF 40mm f/2.8 STM,CANON,M-08-3,T & t
CAM SWITCH MODULE ,1.0,2DS100.60-1 ,B&R AUTOMATION,I-10-3,Module
"CAM FOLLOWER,YOKE TYPE TRACK ROLLERS WITH AXIAL GUIDANCE, 6X16X11MM",4.0,KR16-NMT,INA,M-12-2,Cam
"CAM FOLLOWER,YOKE TYPE TRACK ROLLERS WITH AXIAL GUIDANCE, 6X16X11MM",10.0,KR16-PP-A,INA,M-12-2,Cam
"CAM FOLLOWER,YOKE TYPE TRACK ROLLERS WITH AXIAL GUIDANCE, 12X30X40MM",1.0,KR 30,SKF,M-12-2,Cam
"CAM FOLLOWER,YOKE TYPE TRACK ROLLERS WITH AXIAL GUIDANCE, 12X30X14MM",2.0,KR30-PP-A,INA,M-12-2,Cam
"CAM FOLLOWER,YOKE TYPE TRACK ROLLERS WITH AXIAL GUIDANCE, 12X30X14MM",1.0,KR30-PP,INA,M-12-2,Cam
"CAM FOLLOWER,YOKE TYPE TRACK ROLLERS WITH AXIAL GUIDANCE, 10X22X12MM",3.0,KR 22,SKF,M-12-2,Cam
"CAM FOLLOWER, 8X19X11MM",5.0,KR19-PP-A-NMT,INA,M-12-2,Cam
"CAM FOLLOWER, 8X19X11MM",6.0,CF8,HFB,M-12-2,Cam
"CAM FOLLOWER, 6X16X28MM",5.0,CF6,IKO,M-12-2,Cam
"CAM FOLLOWER, 6.35X15.875MM",4.0,CR10,IKO,M-12-2,Cam
"CAM FOLLOWER, 22X10X36.2MM",6.0,KR 22,SKF,M-12-2,Cam
"CAM FOLLOWER, 22X10X36.2MM",2.0,KR22 PP,INA,M-13-2,Cam
"CAM FOLLOWER, 12X30XM12X1.5",2.0,CF12,HFB,M-13-2,Cam
"CAM FOLLOWER, 12X26XM10X1.25MM",1.0,CF10,JNS,M-12-2,Cam
"CABLE 20 X0,5MMQ - LAPP UNITRONIC LIYY - 84229090",1.0,6011492,LAPP,E-05-2,Cable
"CABINET SCHUKO SOCKET ON OMEGA BAR 16A,250V",1.0,680572,LUETZE,te,Power strip
"BUTTERFLY VALVE , DN 25 PS 12, 0-90C",1.0,VSM0073049,SVS,D-05-2,Valve ahu
"BUTTERFLY VALVE , DN ,PS 12, 0-90C",1.0,VSM0073052,SVS,D-05-2,Valve ahu
BUSH 050 427 WITH STANDARD PARTS,2.0,70002956,UHLMANN,J-11-3,Bush
"BRUSHLESS MOTOR 0.3KW ,400V,1.3A",1.0,SGMEV-03DDA61,YASKAWA,E-05-2,Servo driver
BRECOFLEX Timing Belt 16T10/2400,4.0,70207,BRECO,A-05-3,Belts
BREAK SHOE FOR FORKLIFT,1.0,174967,BT,B-10-2,Forklift break
BOEX COUPLING,1.0,3700955,FETTE,J-11-3,Couplin
Black rubber roller for leaflet 315 mm 220mm L,4.0,220mm 315mm dimater ,Oregnal ,A2-4,Leaflet rooler
Black rubber roller for leaflet 210mm 22mm L,2.0,220mm 210mm dimater ,Oregnal ,A2-4,Leaflet rooler
BLACK NYLON HOSE 1/2'' FOR HIGH PRESSURE ,1.0,DASH 10,MASTER PLUS,L-08-3,Neumatic hose
"BEVEL GEARBOX SIZE 11O, RATIO 1/1, Ø26H7",2.0,RS00110 ,UNIMEC,D-04-3,Gearbox
"BEVEL GEARBOX ,GWP",1.0,GWP 14W,GWP,D-04-3,Gearbox
"BELT KIT , FLAT SUPER POWER; 610 x25MM",2.0,610x25,HABASIT,,Belts
BATTERY MODULE,1.0,6EP1935/6ME21,SEIMENS,F-01-4,Battery
"BATTERY CHARGER FOR ADFLO/JUPITER,O/P 3-9VDC, 1.5A, 3-pin",1.0,003-00-58PEU,3M,M-11-3,Battery
BALL BUSH B-0672-116-40,2.0,901958,UHLMANN,N-08-3,Bearing bush
AZ 15/16-B2-1747 RETROFIT KIT ,1.0,101096089,SCHMERSAL,E-06-2,Actuator az 
"AXIAL VENTELATION FAN, 8X8CM, 240VAC,0.07A ",1.0,PA80S-220,TURBO,E-05-3,Fan
"AUXILIARY SWITCH BLOCK, 1N+2NC",2.0,3RH1911-1HA12,SIEMENS,M-10-2,Switch
AUTOMATION PC 910,3.0,5PC910.SX02-00,B&R,E-03-1,T & t
AUTOMATION PC 910,1.0,,B&R,E-03-1,T & t
"AUTO REED SWITCH ,SOLID STATE ,PNP",4.0,D-F7P,SMC,I-08-2,Switch
"ASSEMBLY MODULE ,MP6, MOUNTING RAIL SCREW TYPE",2.0,62001,MURR,K-13-2,Module
"ANGULAR CONTACT BALL BEARING, 12X37X12MM",2.0,7301B,NACHI,A-08-3,Bearing
"ANGULAR CONTACT BALL BEARING DOUBLE ROW, 17X40X17.5MM",1.0,3203-2RS-C3,INA,A-08-3,Bearing
ANALOG ORB SENSOR ELECTROD PLATIN,1.0,CPS12-0PA2GSA,ENDRESS+HAUSER,D-05-2,Analog sensor
Aluminium product Loader ,4.0,97695,UHLMANN,A2-3,Mechanics l1
"AIR FILTER, IFI 596*287*22, G3 (PreFilter)",18.0,9026756,AIR FLOW,C-07-2,Pre-filter
"AIR FILTER CARTAGE , HIGHFLOW TETPOR H.T 0.2µm,20''",1.0,ZCHT/2C-N,PARKER,C-06-2,Filters cartage
"AIR FILTER , DEMI CARTAGE, 2.5'', 0.2µm ",4.0,ZHFT/BT,PARKER,C-06-2,Filters cartage
"AIR FILTER , 600X600X125 -Ø250 (PACK OF 3)",2.0,HTH-H14-AL-600X600X125-FC2/1PM,ULPATEK,K12-3,Packfilter
"AIR FILTER , 600X600X125 -Ø250 (PACK OF 3)",2.0,HTH-H14-AL-600X600X125-FC2/1PM,ULPATEK,K12-2,Packfilter
AIR FILTER,2.0,,,B-10-2,Packfilter
AIR FILTER for Vaccum pump,2.0,102094-ET,,B-10-2,Pump filter
"AILR FILTER ,EMFLON FILTER 0.2µm, 87mmL",0.0,AVF021V002PVJ,PALL,K-13-3,Emflon filter
"AILR FILTER ,EMFLON FILTER 0.2µm, 20""",0.0,AB2PFR7PVH4,PALL,K-13-3,Emflon filter
"AILR FILTER ,EMFLON FILTER 0.2µm ",1.0,C3PFRP1,PALL,K13-3,Emflon filter
"AILR FILTER ,EMFLON FILTER 0.2µm",0.0,AVF021V002PVH4,PALL,K13-3,Emflon filter
"ADJUSTABLE SPEED DRIVE , 1.3KVA,1Ø, 3.3A",2.0,VFS11S-2004PL-WP,TOSHIBA,M-11-3,Speed drive
"ADAPTER SCREW IN FOR PROCESS SENSOR, M18X1.5/G1/2",1.0,E40096,IFM,I-09-2,Process senso
"AC SERVOMOTOR 3~AC,94V,1.5A,0.2KW,250HZ,3000RPM",2.0,MSME022G1U,PANASONIC,F-02-1,Servo motor
"AC SERVOMOTOR 3~AC,220V,0.89A,100W,3000RPM",1.0,SGMEV-01ADA61,YASKAWA,F-02-1,Servo motor
"AC SERVOMOTOR 3~AC,114V,2.4A,0.4KW,250HZ,3000RPM",1.0,MSME042G1U,PANASONIC,F-02-1,Servo motor
"AC SERVO MOTOR, 3Ø, 120V, 4.1A, 0.75KW, IP67",1.0,MSME082G1U,PANASONIC,F-02-1,Servo motor
"AC SERVO MOTOR 400V,250HZ,2.2A,650W,3000RPM",1.0,SGMEV-07DDA61,YASKAWA,M-12-1,Servo motor
"AC SERVO MOTOR 3~, 78V,250HZ,1.1A,0.1KW,3000RPM",1.0,MSME012G1U,PANASONIC,F-02-1,Servo motor
"AC SERVO DRIVER, I/P 1Ø, 4.1A, O/P 3Ø, 400W, 2.6A",1.0,MBDKT2510,PANASONIC,F-02-1,Servo driver
"AC SERVO DRIVER, I/P 1Ø, 2.4A, O/P 3Ø, 200W, 1.6A",1.0,MADHT1507,PANASONIC,F-02-1,Servo driver
"AC SERVO DRIVER, I/P 1~,6.6A,O/P 3~, 0-240V, 4.1A, 750W",1.0,MCDHT3520,PANASONIC,M-12-4,Servo driver
"AC SERVO DRIVER, I/P 1~,1.6A,O/P 3~, 0-240V, 1.2A",1.0,MADHT1505,PANASONIC,M-12-4,Servo driver
"AC SERVO DRIVE I/P 3~,400V,2.5A,O/P 3~,0-480V,3.5A,1KW",4.0,SGDV-3R5D11A,YASKAWA,F-01-1,Servo driver
"AC SERVO DRIVE I/P 1~,230V,2A,O/P 3~,90.3V,1.6A,200W",1.0,MADDT1207,PANASONIC,M-12-4,Servo driver
"AC DRIVE, I/P 1~,5A,O/P 3~2.4A,0.37KW, 0-650HZ",1.0,E82EV371K2C200,LENZE,M-11-3,Servo driver
"AC DRIVE, 1.1KW, I/P 1Ø, 9.2A, O/P 3Ø, 0-400HZ, 5A",1.0,N 0002 2S XBK2,SINUS,M-11-3,Servo driver
"AC DRIVE ,7.5KW, 17A,3Ø, 0-500HZ, IP21",0.0,ACS580_01-018A-4+J400,ABB,F-03-4,Servo driver
"AC DRIVE ,11KW, 25A, 3Ø, 0-500HZ, IP21",0.0,ACS580_01-026A-4+J400,ABB,F-03-4,Servo driver
"AC DRIVE , 15 KW, 32A,3Ø, 0-500HZ, IP21",0.0,ACS580-01-033A-4+J400,ABB,F-03-4,Servo driver
"ABSOULUTE ENCODER , 360X1 STEPS, 10-32VDC - AG600-460027000000",1.0,1033274,SICK STEGMANN,F-06-2,Enconders
"ABSOLUTE ENCODER, 24VDC, 360*1 STEPS",2.0,1034599,SICK STEGMANN,F-06-2,Enconders
3 POSITION SELECTOR,2.0,,SCHLEGEL,K-13-2,Selector
3 POSITION SELECTOR,1.0,6152520900,IMA,M-10-3,Selector
"240V, 0.75KW, BELT/ WHEEL SIZE 125MM",1.0,OUNB C24050,MORRISFLEX,J-11-1,Swivel castor
"2 WAY VALVE , 1/4'', M/F, S.S",1.0,4-CAACCFILT*009,,D-05-2,Electricity 2 way
134a REFREGERANT 13.6KG,3.0,134a,TIBA,L-08-1,Freon gas r134a
1060T10 COVER-GRID ASSY (SPRING COUPLING),1.0,23012060-GRD,FALK,A-02-4,Couplin
1 EPDM GASKET + STOPPER + CABLE GASKET,1.0,551775,,B-02-2,Gasket
" RELAY 24VDC, 5A, 14 PINS - MY4 DC24",1.0,6402031,OMRON,E-05-2,Relay 
"WATER HEATER 27KW, 400V, IP25",1.0,DEX Next,CLAGE,M-11-1,Heater
Plate Heater 230 V ,1.0,1000W,Horn,D-03-2,Heater
"Seat Valve, 3/4"",16 Bar",1.0,J4SSG16U5,Omal,D-07-2,Water valve
